"sku","length","width","height","strength","aisle","caustic"
600591,463,303,115,4,7,
600594,462,303,115,4,7,
600595,457,302,115,4,7,
600598,455,303,115,4,7,
601032,464,301,115,4,7,
601468,356,213,175,3,7,
601472,290,252,224,3,7,
601571,462,304,115,4,6,
601695,329,246,123,4,6,
603416,307,229,115,4,6,
603417,309,232,121,4,6,
603418,309,227,113,4,6,
603419,311,230,116,4,6,
603588,327,245,122,4,7,
608864,412,308,120,4,6,
661298,412,309,122,4,6,
699704,297,220,208,3,10,
699960,457,260,203,4,6,
699989,293,187,285,4,6,
700022,307,233,121,4,6,
700026,326,238,160,4,6,
700033,298,216,124,4,6,
700125,414,273,80,4,7,
700195,272,184,124,4,6,
700202,294,220,192,4,6,
700209,418,309,122,4,6,
700267,276,149,188,3,7,
700281,281,148,195,3,6,
700282,301,276,204,3,6,
700309,386,193,205,3,6,
700331,355,263,112,4,6,
700352,307,228,115,4,6,
700363,306,231,115,4,6,
700381,307,243,333,3,6,
700391,348,262,154,4,7,
700392,307,230,114,4,7,
700401,314,230,230,4,6,
700404,311,229,226,4,6,
700472,352,262,110,4,6,
700517,329,242,130,4,7,
700599,441,265,221,4,6,
700604,538,348,192,4,6,
700648,449,272,223,4,6,
700675,448,262,214,4,6,
700734,317,168,242,3,7,
700746,337,229,293,3,7,
700752,326,243,131,4,7,
700771,323,238,130,4,7,
700781,285,207,172,4,6,
700831,302,203,190,2,6,
700859,331,250,107,3,6,
700885,285,215,228,4,6,
700936,289,211,168,4,6,
700976,307,230,112,4,7,
700986,350,260,109,4,6,
701058,365,316,260,3,6,
701080,305,227,117,4,6,
701081,309,228,117,4,6,
701082,414,310,121,4,6,
701146,414,308,121,4,6,
701172,356,262,158,4,6,
701193,203,192,179,3,6,
701238,409,308,122,4,6,
701419,412,274,78,4,7,
701421,413,270,76,4,7,
701423,309,166,67,4,7,
701615,351,264,103,4,7,
701616,323,239,160,4,6,
701630,414,309,121,4,6,
701705,409,308,118,4,6,
701707,412,307,121,4,6,
701728,507,207,199,3,6,
701857,316,256,210,2,6,
701909,308,228,113,4,6,
702100,420,308,123,4,6,
702239,274,211,85,4,6,
702241,385,256,69,4,7,
702245,301,233,123,4,6,
702261,309,238,127,4,6,
702392,548,400,220,4,6,
702525,245,171,90,3,7,
702589,353,261,101,3,6,
702794,351,260,164,4,6,
702918,410,305,120,4,6,
703075,410,308,120,4,6,
703081,412,309,121,4,6,
703171,417,307,121,4,6,
703205,388,254,220,4,6,
703207,384,254,222,4,6,
703267,276,211,60,3,6,
703269,386,254,67,4,7,
703307,381,185,172,3,6,
703315,349,261,148,4,6,
703334,307,231,113,4,6,
703336,305,229,114,4,6,
703338,303,230,115,4,6,
703340,292,216,133,4,6,
703342,288,217,133,4,6,
703430,291,215,132,4,6,
703437,440,328,178,4,7,
703438,301,231,175,4,6,
703446,291,215,133,4,6,
703461,286,217,133,4,6,
703671,306,132,175,3,6,
703673,301,128,178,3,6,
703674,303,131,177,3,6,
703675,304,137,175,3,6,
703677,300,133,178,3,6,
703718,378,246,146,4,6,
703721,380,239,145,4,6,
703734,361,265,165,4,6,
703896,381,246,141,3,6,
703951,370,274,71,4,7,
704002,309,228,229,4,7,
704010,307,227,228,4,7,
704014,307,226,231,4,7,
704016,306,225,231,4,7,
704020,415,305,159,4,7,
704024,308,230,227,4,7,
704025,290,170,286,3,6,
704027,290,172,285,3,6,
704028,293,170,283,3,6,
704034,412,272,75,4,7,
704040,491,295,315,2,6,
704043,371,271,71,4,7,
704044,290,172,288,3,6,
704049,290,172,288,4,6,
704051,371,271,71,4,7,
704052,366,271,74,4,7,
704053,370,275,71,4,7,
704054,365,272,73,4,7,
704055,370,271,72,3,7,
704076,461,307,115,4,7,
704078,459,305,115,4,7,
704097,365,271,76,4,6,
704128,388,243,144,3,6,
704212,304,228,229,4,6,
704256,367,272,71,4,7,
704303,540,347,191,4,6,
704305,547,403,219,4,6,
704314,268,195,291,3,6,
704322,418,313,120,4,6,
704329,290,234,223,4,6,
704414,455,283,264,3,6,
704415,419,265,329,3,6,
704431,478,286,197,3,6,
704440,371,277,167,4,6,
704443,372,275,168,4,6,
704478,565,245,300,2,6,
704479,570,248,275,2,6,
704480,567,249,277,2,6,
704510,490,296,264,2,6,
704512,489,295,264,2,6,
704514,491,296,290,2,6,
704515,491,297,308,2,6,
704525,333,245,150,4,6,
704539,334,244,150,4,6,
704560,374,304,116,1,6,
704579,306,205,192,2,6,
704580,306,205,192,2,6,
704583,306,205,192,2,6,
704584,306,205,192,2,6,
704586,306,205,192,2,6,
704587,306,205,192,2,6,
704589,306,205,192,2,6,
704590,306,205,192,2,6,
704591,306,205,192,2,6,
704592,306,205,192,2,6,
704597,306,205,192,2,6,
704598,306,205,192,2,6,
704602,387,194,204,3,6,
704603,387,195,205,3,6,
704739,288,191,291,3,6,
704740,290,189,289,3,6,
704753,293,193,293,3,6,
704754,293,189,286,3,6,
704757,501,267,192,3,6,
704759,445,261,215,3,6,
704760,341,268,281,3,6,
704763,421,270,327,3,6,
704768,443,261,219,3,6,
704769,457,285,263,3,6,
704776,295,191,292,3,6,
704784,296,189,290,4,6,
704787,503,267,192,3,6,
704796,325,235,166,3,6,
704798,391,196,207,3,6,
704801,387,192,205,3,6,
704805,394,196,203,3,6,
704806,395,196,204,3,6,
704854,293,184,287,4,6,
704859,457,279,290,2,6,
704861,455,280,279,3,6,
704880,455,279,286,2,6,
704883,289,191,283,4,6,
704885,289,184,286,4,6,
704890,404,200,200,3,6,
704898,394,321,203,4,6,
704944,307,243,333,3,6,
704945,369,229,188,2,6,
704947,362,263,164,4,6,
704948,309,243,334,3,6,
704956,287,267,201,3,6,
704957,284,269,201,3,6,
704958,369,226,191,3,6,
704962,516,335,202,3,6,
704963,287,265,205,2,6,
704965,438,332,222,3,6,
704968,285,268,203,3,6,
704969,289,267,200,3,6,
705002,300,221,132,2,6,
705013,375,275,168,4,6,
705024,362,270,168,4,6,
705026,362,270,168,4,6,
705039,365,227,191,3,6,
705040,303,222,133,4,6,
705047,373,276,167,4,6,
705053,498,214,183,3,6,
705054,290,251,217,2,7,
705055,345,291,235,3,6,
705058,373,277,168,4,6,
705074,373,277,168,4,6,
705080,444,329,200,4,6,
705082,448,330,198,4,6,
705106,299,223,133,4,6,
705142,474,341,205,4,6,
705148,337,251,174,4,6,
705151,314,234,118,4,6,
705153,334,248,173,4,6,
705154,337,249,173,4,6,
705156,337,249,173,4,6,
705160,337,250,173,4,6,
705162,337,249,173,4,6,
705163,337,249,173,4,6,
705165,308,226,135,4,6,
705186,300,231,175,4,6,
705187,299,229,176,4,6,
705196,456,293,156,3,6,
705199,298,231,156,3,6,
705217,299,232,157,3,6,
705218,348,259,149,4,6,
705370,401,204,136,2,6,
705422,348,259,115,4,7,
705423,348,259,115,4,7,
705430,348,259,115,4,7,
705448,348,259,115,4,7,
705450,348,259,115,4,7,
705451,348,259,115,4,7,
705459,348,259,115,4,7,
705470,349,262,228,4,7,
705471,415,273,81,4,7,
705474,349,262,227,4,7,
705482,349,261,228,4,7,
705490,349,261,227,4,7,
705509,411,276,153,4,6,
705517,395,241,145,3,6,
705564,410,308,121,4,6,
705575,354,262,111,4,6,
705667,353,261,112,4,6,
705699,459,303,115,4,7,
705889,504,238,198,3,6,
705900,295,172,287,4,6,
705911,293,173,285,4,6,
705913,303,184,194,3,6,
705966,305,130,175,3,6,
705977,276,204,104,4,7,
705982,280,206,105,4,7,
706002,337,248,175,4,6,
706012,311,259,183,3,6,
706031,293,194,287,3,6,
706155,394,202,177,3,7,
706248,400,180,224,3,6,
706364,349,263,98,3,6,
706621,490,258,239,3,6,
706623,305,129,174,3,6,
706636,414,308,120,4,6,
706641,291,213,95,4,6,
706861,304,225,231,4,6,
707171,308,204,190,2,6,
707258,330,246,122,4,6,
707290,440,326,133,4,6,
707477,372,195,209,3,7,
707478,406,272,78,4,6,
707564,317,167,243,3,6,
707565,363,223,195,3,6,
707584,358,218,195,3,6,
707641,347,257,173,4,6,
707647,338,253,172,4,6,
707671,346,256,173,4,6,
707681,347,258,172,4,6,
707695,309,229,151,4,6,
707700,204,186,112,3,6,
707738,312,229,153,4,6,
707748,311,228,150,4,6,
707776,339,189,189,2,6,
707785,343,191,191,2,6,
707899,323,239,131,4,7,
707902,333,191,195,2,6,
707904,302,162,150,3,7,
707917,277,205,105,4,7,
707957,303,163,147,3,7,
707991,346,254,173,4,6,
708107,506,322,122,4,6,
708116,421,271,227,4,6,
708118,485,205,248,4,6,
708119,255,179,182,2,6,
708120,441,409,154,4,6,
708124,382,328,259,4,6,
708128,395,236,219,3,6,
708129,455,320,247,4,6,
708130,394,237,219,3,6,
708172,306,132,176,3,6,
708175,306,133,171,3,6,
708176,304,131,174,3,6,
708183,304,131,177,3,6,
708184,305,130,179,3,6,
708186,395,185,175,3,6,
708188,399,191,171,3,6,
708189,404,186,170,3,6,
708192,306,130,176,3,6,
708194,303,131,173,3,6,
708196,303,127,173,3,6,
708198,303,131,174,3,6,
708212,308,205,192,2,6,
708232,311,230,150,4,6,
708255,419,194,235,3,6,
708260,303,134,173,3,6,
708262,303,129,173,3,6,
708263,305,132,173,3,6,
708278,300,134,176,3,6,
708567,357,259,168,4,6,
708660,356,263,165,4,6,
708680,296,173,283,4,6,
708781,432,214,88,3,7,
708821,332,244,148,4,6,
708994,438,324,93,4,7,
708995,210,165,171,3,6,
709172,374,303,110,2,6,
709283,417,272,106,4,6,
709520,281,205,105,4,7,
709555,283,134,120,4,7,
710009,413,309,120,4,6,
710021,412,308,121,4,6,
710025,414,305,121,4,6,
710049,353,263,112,4,6,
710301,309,228,117,4,6,
710303,309,229,118,4,6,
710333,386,195,205,3,6,
710475,414,315,158,4,6,
710582,307,231,117,4,7,
710584,350,261,151,4,7,
710638,308,229,231,4,6,
710693,412,309,122,4,6,
710713,502,388,195,3,7,
710865,287,212,172,4,6,
711064,367,279,183,4,6,
711079,308,228,114,4,6,
711100,410,313,121,4,6,
711135,367,278,182,4,6,
711143,363,278,182,4,6,
711145,287,205,194,2,7,
711159,403,315,124,4,6,
711175,412,312,122,4,6,
711646,278,207,86,4,6,
711759,264,176,113,3,7,
711992,350,262,116,4,7,
712016,435,213,90,3,7,
712063,396,202,179,4,7,
712105,322,246,148,4,6,
712150,290,218,118,2,6,
712226,333,234,175,3,6,
712259,401,205,179,4,7,
712316,544,186,174,3,6,
712600,410,273,101,4,6,
712748,338,224,88,4,6,
712817,305,226,234,4,7,
712818,307,230,228,4,7,
712897,409,273,104,4,7,
712912,354,260,112,4,6,
713413,283,211,73,4,6,
713677,481,330,163,3,6,
713749,309,228,115,4,6,
713855,277,203,82,4,6,
713977,215,150,197,3,7,
714006,202,135,192,3,7,
714023,311,230,150,4,6,
714095,259,240,206,3,6,
714114,302,228,118,4,6,
714146,292,221,134,4,6,
714269,310,230,248,4,6,
714416,297,218,148,4,6,
714512,350,258,66,4,7,
714548,440,264,222,4,6,
714643,306,228,117,4,6,
714699,279,147,196,3,6,
714779,311,204,191,2,6,
714798,277,147,195,3,6,
715009,490,258,240,3,6,
715092,443,249,172,3,6,
715118,298,200,94,4,7,
715303,409,308,121,4,6,
715381,248,180,128,3,7,
715384,252,181,127,3,7,
715452,280,206,85,4,7,
715487,347,261,227,4,7,
715674,403,207,180,3,6,
715687,351,261,100,3,6,
715690,349,263,99,3,6,
715845,410,314,128,4,6,
716078,281,206,85,4,6,
716169,278,207,85,4,6,
716177,278,204,85,4,6,
716206,304,205,191,2,6,
716229,415,311,125,4,6,
716230,445,329,198,4,6,
716265,347,260,114,4,7,
716445,338,253,139,4,6,
716607,203,194,181,3,6,
716720,203,196,179,3,6,
716728,205,193,179,3,6,
716773,203,192,178,3,6,
716817,394,196,133,2,6,
716873,365,260,115,4,6,
716886,355,263,165,4,6,
716908,465,302,114,4,6,
716916,356,263,168,4,6,
716924,374,278,150,4,6,
716995,327,249,122,4,6,
717037,478,246,176,3,6,
717063,478,246,173,4,6,
717541,339,255,139,4,6,
717579,247,196,145,3,7,
717582,247,196,145,3,7,
717596,249,195,144,3,7,
717636,308,209,190,2,6,
717852,351,260,100,3,6,
717883,279,207,85,4,6,
717911,279,207,85,4,6,
717916,330,249,139,4,6,
717942,308,229,116,4,6,
718186,357,263,168,4,6,
718199,311,210,192,2,6,
718208,309,209,189,2,6,
718245,287,284,193,4,8,
718316,275,204,105,4,7,
718523,278,205,84,4,6,
718744,415,310,123,4,6,
718813,281,205,85,4,6,
718855,309,227,117,4,6,
718889,446,259,218,4,6,
718910,277,205,86,4,6,
718975,417,307,120,4,6,
719078,432,214,86,4,7,
719458,351,261,110,4,6,
719522,286,213,209,4,8,
719620,286,214,206,4,8,
719633,441,261,220,3,6,
720050,329,246,181,4,6,
720063,309,231,117,4,6,
720134,352,213,180,3,7,
720138,205,141,141,2,4,
720140,205,141,142,2,4,
720141,205,143,140,2,4,
720296,325,251,101,4,6,
720489,281,207,85,4,6,
720546,353,257,162,4,6,
720600,308,227,115,4,6,
720810,309,233,231,4,6,
720883,417,308,61,4,7,
721279,431,214,86,4,7,
721355,399,281,225,4,6,
721356,418,272,105,4,7,
721685,293,233,85,4,7,
721930,429,188,159,1,6,
721998,441,261,221,3,6,
722009,432,189,159,1,6,
722021,445,260,218,3,6,
722022,440,219,196,4,6,
722049,433,189,158,1,6,
722102,419,308,120,4,6,
722105,447,262,217,3,6,
722146,446,266,220,3,6,
722224,300,253,207,3,6,
722242,398,202,176,4,7,
722260,399,208,176,4,7,
722261,399,205,178,4,7,
722273,403,203,177,4,7,
722549,353,261,164,4,6,
722703,356,262,158,4,6,
722705,357,261,158,4,6,
722709,354,262,158,4,6,
722756,353,255,94,4,6,
722822,447,269,215,3,6,
722830,274,209,84,4,6,
722837,309,223,112,4,6,
722878,309,230,117,4,6,
723014,346,256,93,4,6,
723015,498,383,186,3,6,
723017,573,256,185,2,6,
723018,242,138,150,3,6,
723023,418,309,122,4,6,
723027,330,244,125,4,6,
723028,304,229,114,4,6,
723030,330,244,126,4,6,
723035,247,188,166,4,6,
723041,307,231,114,4,6,
723159,415,307,120,4,6,
723266,305,168,168,3,6,
723509,362,225,195,3,6,
723510,367,219,195,3,6,
723553,327,240,125,4,6,
723554,329,245,125,4,6,
723588,376,333,262,3,6,
723589,363,219,197,3,6,
723620,354,264,110,4,6,
723622,354,263,114,4,6,
723624,354,263,158,4,6,
723768,280,206,83,4,6,
724016,202,133,195,3,7,
724174,310,230,115,4,6,
724280,314,231,114,4,7,
724282,312,233,116,4,7,
724284,311,231,114,3,6,
724311,310,230,114,4,7,
724354,332,251,108,3,6,
724384,254,243,207,3,6,
724472,309,256,205,3,6,
724690,308,205,191,2,6,
724909,310,227,116,4,7,
725005,291,191,293,4,6,
725199,287,139,120,4,7,
725278,500,490,195,3,6,
725337,412,307,120,4,6,
725695,501,239,202,4,6,
725946,333,251,101,4,6,
726203,278,207,83,4,7,
726254,430,215,87,4,7,
726439,351,259,110,4,6,
726612,452,249,175,3,6,
726941,310,230,114,4,6,
726985,324,248,123,4,6,
727177,379,254,205,3,6,
727182,355,264,114,4,6,
727488,281,208,86,4,6,
727593,394,236,218,3,6,
727641,235,221,89,4,7,
727790,471,245,192,4,6,
727800,471,247,190,4,6,
727804,473,246,190,4,6,
727887,367,226,200,3,6,
727935,277,205,86,4,6,
727952,245,137,201,2,6,
727973,304,245,190,4,7,
728133,229,128,220,2,6,
728164,415,276,103,4,7,
728165,440,327,180,4,7,
728167,329,243,132,4,7,
728367,442,328,200,4,6,
728370,308,209,192,2,6,
728473,433,189,161,1,6,
728526,250,144,171,3,7,
728601,415,309,120,4,6,
728652,327,242,132,4,7,
728720,436,323,92,4,7,
728771,294,193,287,3,6,
728849,327,252,103,4,6,
728889,311,229,116,4,6,
728923,336,269,104,3,6,
728931,339,259,104,3,6,
729410,344,257,104,3,6,
729523,275,203,84,4,6,
729650,308,228,118,4,6,
729665,327,243,130,4,7,
729919,352,261,117,4,7,
729921,354,259,117,4,7,
729925,355,262,116,4,7,
729927,355,261,116,4,7,
729949,279,205,105,4,7,
730745,300,198,112,2,6,
730757,415,280,104,4,7,
730889,304,256,206,2,6,
731022,412,308,106,4,7,
731023,257,175,96,4,7,
731161,264,197,105,4,7,
731214,353,261,165,4,6,
731307,245,147,141,3,7,
731308,245,151,142,3,7,
731325,301,226,114,4,6,
731404,415,303,105,4,7,
731408,279,209,148,4,7,
731426,313,240,86,4,7,
731428,314,231,120,4,7,
731432,317,234,116,4,7,
731574,497,242,197,4,6,
731999,277,207,86,4,6,
732022,539,121,80,4,7,
732023,542,120,80,4,7,
732075,235,225,88,4,7,
732078,257,225,89,4,7,
732090,260,104,89,3,7,
732091,264,109,88,4,7,
732236,254,221,88,4,7,
732348,239,224,90,4,7,
732350,239,225,91,4,7,
732519,317,233,119,4,7,
732521,413,307,105,4,7,
732527,309,229,117,4,7,
732529,414,307,105,4,7,
732531,280,219,80,4,7,
732604,351,261,78,4,7,
732607,413,306,105,4,7,
732796,353,260,165,4,6,
732799,352,260,164,4,6,
732886,335,249,173,4,6,
733004,240,115,84,4,7,
733145,305,229,115,4,7,
733147,302,228,115,4,7,
733148,306,230,115,4,7,
733149,305,229,115,4,7,
733153,305,229,115,4,7,
733179,301,220,167,4,6,
733187,306,224,165,4,6,
733228,279,206,104,4,7,
733301,303,226,114,4,7,
733302,307,229,116,4,7,
733309,330,247,85,4,7,
733312,336,250,113,4,7,
733318,331,247,86,4,7,
733340,291,212,98,4,7,
733384,305,230,114,4,7,
733407,407,271,81,4,7,
733520,403,263,109,1,6,
733576,308,255,208,3,6,
733601,365,282,171,4,6,
733606,369,279,172,4,6,
733658,367,281,173,4,6,
733660,369,282,173,4,6,
733666,368,280,171,4,6,
733674,359,277,170,4,6,
733698,350,262,148,4,6,
733703,232,178,175,4,6,
733706,364,279,172,4,6,
733715,292,224,135,4,6,
733716,293,223,135,4,6,
733718,289,223,136,4,6,
733722,292,223,135,4,6,
733723,291,221,135,4,6,
733724,287,225,137,4,6,
733725,289,223,134,4,6,
733729,309,237,173,4,6,
733733,410,274,101,4,6,
733734,413,269,105,4,6,
733736,409,272,103,4,6,
733740,410,273,104,4,6,
733744,410,272,105,4,6,
733842,371,226,190,3,6,
734120,375,286,146,3,8,
734177,370,274,163,4,6,
734588,311,231,112,4,6,
734757,411,306,123,4,6,
734951,305,226,114,4,6,
734957,303,226,114,4,6,
734965,323,243,90,4,6,
734980,431,214,86,4,7,
734994,306,226,118,4,7,
734996,301,225,114,4,7,
735107,412,310,120,4,6,
735116,325,241,132,4,7,
735410,303,226,114,4,7,
735614,275,210,109,4,7,
735615,352,263,55,4,7,
735616,347,262,57,4,7,
735619,256,176,94,4,7,
735620,449,120,91,4,7,
735626,347,267,56,4,7,
735863,310,227,116,4,6,
735865,350,261,120,4,6,
735873,348,261,120,4,6,
736231,304,167,168,3,6,
736238,277,205,105,4,7,
736246,272,207,104,4,7,
736249,280,204,104,4,7,
736390,320,154,187,3,6,
736672,462,301,114,4,7,
736751,411,154,202,2,7,
736816,400,135,193,3,7,
736825,460,304,113,4,7,
736854,308,231,115,4,6,
736860,502,245,200,4,6,
736946,402,138,188,2,7,
736957,392,200,201,3,6,
736961,394,194,203,3,6,
737013,311,231,115,4,6,
737101,460,303,65,4,7,
737103,352,265,147,4,7,
737112,306,230,113,4,7,
737114,457,302,115,4,7,
737117,458,302,115,4,7,
737119,353,261,149,4,7,
737136,412,311,120,4,7,
737146,333,222,186,4,7,
737147,305,230,114,4,7,
737218,324,242,132,4,7,
737221,309,233,113,4,6,
737239,351,259,151,4,7,
737251,279,206,105,4,7,
737255,354,261,149,4,7,
737267,349,258,150,4,7,
737309,467,305,107,4,6,
737449,302,135,174,3,6,
737512,309,229,114,4,6,
737519,328,252,110,3,6,
737532,401,130,192,3,7,
737714,305,229,227,4,7,
737721,352,260,149,4,7,
737725,351,260,151,4,7,
737729,351,259,150,4,7,
737734,351,259,90,4,7,
737784,295,192,284,3,6,
737881,457,263,199,3,6,
737929,403,132,191,3,7,
737933,503,260,200,3,6,
737987,349,262,115,4,7,
737988,349,262,115,4,7,
737989,345,262,114,4,7,
737990,345,261,114,4,7,
737995,349,261,116,4,7,
737998,416,309,123,4,6,
738197,307,209,193,2,6,
738525,252,144,178,2,7,
738654,327,242,129,4,7,
738722,323,239,130,4,7,
738763,355,270,123,4,6,
738765,359,271,123,4,6,
738766,282,204,103,4,7,
738769,437,324,91,4,7,
738774,279,205,104,4,7,
738779,275,203,101,4,7,
738783,280,205,105,4,7,
738855,357,263,79,4,7,
738872,249,117,151,3,6,
738936,333,191,199,3,6,
738943,367,280,150,4,6,
738947,449,203,145,4,6,
738980,349,260,115,4,7,
738985,350,261,115,4,7,
738986,346,259,113,4,7,
738987,347,259,111,4,7,
738991,349,261,115,4,7,
738995,345,259,114,4,7,
738996,344,259,114,4,7,
739000,351,261,115,4,7,
739002,413,275,208,4,7,
739008,347,260,115,4,7,
739022,415,272,209,4,7,
739027,413,272,104,4,7,
739042,422,272,211,4,7,
739044,349,257,114,4,7,
739050,410,271,104,4,7,
739054,346,262,114,4,7,
739070,415,273,105,4,7,
739086,419,273,209,4,7,
739087,415,273,106,4,7,
739090,420,276,212,4,7,
739093,414,273,105,4,7,
739101,353,261,148,4,7,
739102,353,262,149,4,7,
739103,353,260,149,4,7,
739124,419,275,105,4,7,
739130,415,271,207,4,7,
739135,413,275,105,4,7,
739136,410,270,104,4,7,
739139,419,273,105,4,7,
739145,415,272,105,4,7,
739161,326,240,127,4,7,
739163,325,242,131,4,7,
739195,413,273,104,4,7,
739197,253,211,135,2,7,
739214,253,209,135,3,7,
739222,249,210,133,3,7,
739224,407,253,144,3,7,
739226,253,213,135,3,7,
739232,404,252,134,3,7,
739240,409,253,145,3,7,
739254,251,205,138,3,7,
739294,251,201,137,3,7,
739302,307,229,116,4,7,
739306,309,227,115,4,7,
739324,352,262,163,4,6,
739364,309,230,116,4,7,
739366,309,228,117,4,7,
739367,307,229,115,4,7,
739396,449,249,175,3,6,
739428,325,241,130,4,7,
739447,372,276,168,4,6,
739449,373,278,168,4,6,
739507,439,328,181,4,7,
739508,443,327,180,4,7,
739509,457,302,118,4,7,
739510,463,303,118,4,7,
739511,460,304,117,4,7,
739512,458,304,118,4,7,
739528,373,199,209,3,7,
739720,278,213,99,4,7,
739721,276,209,95,4,7,
739722,283,211,100,4,7,
739731,245,172,88,3,7,
739740,246,171,90,3,7,
739742,246,171,91,4,7,
739743,280,215,96,4,7,
739747,249,193,103,4,7,
739757,455,305,117,4,7,
739759,460,300,113,4,7,
739912,345,256,119,4,6,
739991,395,199,175,4,7,
740046,323,251,210,3,6,
740096,278,185,68,4,7,
740570,355,260,110,4,6,
740582,351,263,149,4,7,
740589,349,259,114,4,6,
740616,326,244,158,4,6,
740617,327,242,157,4,6,
740618,338,237,160,4,6,
740702,390,304,158,3,6,
740703,490,330,157,3,6,
740709,410,277,103,4,7,
740711,411,279,105,4,7,
740713,308,232,116,4,6,
740714,306,230,114,4,6,
740715,412,281,104,4,7,
740716,308,228,115,4,6,
740721,281,207,104,4,6,
740727,283,207,101,4,6,
740738,353,261,117,4,7,
740748,349,257,183,4,6,
740751,311,218,168,4,6,
740752,349,253,183,4,6,
740753,307,222,165,4,6,
740754,307,224,165,4,6,
740757,307,231,113,4,6,
740775,321,241,158,4,6,
740797,325,238,161,4,6,
740923,457,240,159,3,6,
740973,412,308,121,4,6,
740975,411,310,121,4,6,
741095,327,243,131,4,7,
741104,297,169,289,4,6,
741170,284,214,230,4,6,
741171,242,180,206,4,6,
741172,247,184,205,4,6,
741173,245,180,212,4,6,
741174,256,197,194,4,6,
741175,245,184,214,4,6,
741176,315,237,245,4,6,
741179,285,214,225,4,6,
741180,287,215,231,4,6,
741181,256,196,194,4,6,
741251,308,229,114,4,7,
741367,419,308,104,4,7,
741549,275,202,104,4,7,
741799,291,190,282,3,6,
741824,291,194,284,4,6,
741834,380,201,200,4,6,
741835,329,190,199,3,6,
742004,413,309,183,4,6,
742060,259,177,115,3,6,
742076,327,251,224,4,6,
742078,290,220,191,4,6,
742086,332,249,224,4,6,
742092,270,206,146,4,6,
742102,262,179,112,3,6,
742141,307,225,116,4,7,
743146,303,228,112,4,7,
743269,361,187,214,3,6,
743369,302,179,379,3,6,
743387,249,179,127,3,7,
743428,254,181,123,3,7,
743429,255,183,128,3,7,
743452,281,205,105,4,7,
743521,405,263,114,1,6,
743755,286,134,115,4,7,
743756,282,133,116,4,7,
743757,287,139,119,4,7,
743805,404,130,186,3,6,
743808,403,134,197,3,6,
743889,573,255,299,3,6,
744076,394,241,217,3,6,
744106,307,221,155,3,6,
744388,309,229,117,4,7,
744389,413,307,122,4,6,
744565,371,335,168,3,6,
744755,413,310,120,4,6,
744914,365,277,185,3,6,
744924,301,243,259,4,6,
744954,308,228,115,4,7,
745004,385,201,288,3,6,
745029,385,200,284,2,6,
745589,311,228,115,4,7,
745694,506,242,199,4,6,
745717,301,167,291,4,6,
745861,406,135,193,3,6,
745945,330,249,101,4,6,
746037,457,308,119,4,7,
746065,305,242,114,4,6,
746112,365,199,135,2,6,
746155,367,199,137,2,6,
746239,274,202,104,4,7,
746241,348,259,68,4,7,
746243,365,199,137,3,6,
746261,367,195,137,2,6,
746264,263,173,68,4,7,
746265,205,151,185,3,7,
746282,203,151,183,3,7,
746286,367,199,133,3,6,
746316,305,255,207,3,6,
746322,352,259,68,4,7,
746378,173,146,189,3,7,
746430,345,261,132,4,7,
746443,432,214,86,4,7,
746456,367,204,138,3,7,
746461,439,218,89,4,7,
746523,365,199,135,3,6,
746552,263,174,67,4,7,
746557,255,148,172,2,7,
746559,252,145,173,3,7,
746596,367,199,139,3,6,
746675,370,197,134,3,6,
746742,365,198,136,3,6,
746786,169,147,195,2,7,
746872,367,198,137,3,6,
746873,250,178,185,3,6,
746972,401,130,190,3,6,
747011,344,257,133,4,7,
747058,243,143,177,3,7,
747075,500,200,202,3,6,
747080,507,305,199,3,6,
747081,500,304,202,4,6,
747083,503,303,199,3,6,
747084,500,304,199,3,6,
747085,506,202,199,3,6,
747086,505,202,200,3,6,
747087,436,194,145,4,6,
747090,500,308,200,3,6,
747092,506,304,200,4,6,
747093,507,304,201,3,6,
747095,507,206,199,3,6,
747176,305,162,177,3,6,
747258,307,231,115,4,7,
747346,367,198,136,3,6,
747363,401,127,175,3,6,
747391,367,201,134,3,7,
747437,308,232,179,4,6,
747441,303,252,204,3,6,
747504,308,232,178,4,6,
747554,309,172,166,3,6,
747676,291,193,284,4,6,
747678,294,194,283,3,6,
747679,432,265,185,3,6,
747686,356,260,116,4,6,
747688,493,257,202,4,6,
747690,292,186,285,3,6,
747746,328,317,259,3,6,
747854,459,266,221,3,6,
747894,506,206,203,3,6,
747929,274,153,197,4,6,
747951,507,310,197,3,6,
747953,505,259,197,3,6,
747956,306,168,154,3,7,
748065,433,214,87,4,7,
748201,309,209,190,2,6,
748207,305,209,191,2,6,
748539,429,212,86,4,7,
748547,287,138,120,4,7,
748549,283,134,119,4,7,
748634,480,241,117,3,6,
748648,275,203,105,4,7,
748688,358,233,189,4,6,
748724,352,262,88,4,7,
748873,252,119,146,3,6,
748877,246,121,151,2,6,
748881,354,266,100,3,6,
748882,354,266,100,3,6,
748966,308,234,124,4,6,
748979,307,240,233,4,6,
749022,326,242,131,4,7,
749032,324,240,128,4,7,
749041,325,240,129,4,7,
749043,329,242,131,4,7,
749044,327,241,131,4,7,
749046,326,243,130,3,7,
749047,328,240,125,4,7,
749052,327,242,132,4,7,
749054,329,243,131,4,7,
749059,326,239,130,4,7,
749062,327,243,130,4,7,
749064,324,240,130,4,7,
749066,327,240,131,4,7,
749084,327,241,131,4,7,
749089,304,247,252,3,6,
749109,474,313,85,3,6,
749110,475,313,85,3,6,
749236,312,204,110,4,7,
749376,373,273,70,4,7,
749507,306,235,228,4,7,
749616,249,130,197,3,6,
749881,349,258,109,4,6,
750103,502,306,252,4,6,
750108,502,306,252,4,6,
750111,601,281,209,3,6,
750419,395,196,129,3,6,
750676,303,225,115,4,7,
750776,351,264,100,3,6,
750826,347,223,151,3,6,
751132,293,189,290,4,6,
751224,306,259,193,3,6,
751266,353,265,100,3,6,
751425,353,145,158,3,7,
751518,462,303,115,4,7,
751751,415,307,121,4,6,
751944,344,259,115,4,7,
752032,442,218,198,4,6,
752082,324,246,146,4,6,
752230,433,189,161,1,6,
752303,423,330,202,3,6,
752304,429,333,195,3,6,
752312,371,280,182,4,6,
752316,340,300,240,4,6,
752320,425,315,203,3,6,
752321,365,275,183,3,6,
752322,423,310,208,4,6,
752324,404,265,221,3,6,
752325,311,228,115,4,6,
752326,366,277,188,3,6,
752426,309,229,115,4,6,
752427,310,227,115,4,6,
752434,307,228,117,4,6,
752463,430,213,85,4,7,
752576,482,240,90,2,6,
752579,310,244,177,3,6,
752587,435,213,89,4,7,
752710,347,225,157,3,6,
752780,369,200,135,3,6,
752922,236,130,218,2,6,
753048,201,143,219,3,8,
753143,303,230,115,4,7,
753284,371,198,208,4,7,
753571,308,255,208,3,6,
753577,347,305,207,3,6,
753579,347,304,206,3,6,
753689,461,182,183,3,6,
753691,535,225,79,2,6,
754230,494,236,266,4,6,
754238,385,200,143,3,6,
754242,381,202,142,3,6,
754323,446,248,172,3,6,
754462,279,150,194,3,7,
754595,311,207,191,2,6,
754596,307,207,192,2,6,
754756,373,276,168,4,6,
754766,287,269,200,3,6,
754913,364,273,185,3,6,
755085,328,241,133,4,7,
755086,307,227,113,4,6,
755253,277,153,195,4,7,
755258,325,241,131,4,7,
755655,506,240,199,3,6,
755724,305,230,117,4,7,
755956,404,137,189,3,6,
755958,403,133,197,3,6,
755960,400,135,189,3,6,
755961,404,136,195,3,6,
756117,439,186,163,2,7,
756245,278,206,105,4,7,
756382,351,259,132,4,7,
756477,350,262,137,4,7,
756481,362,261,69,4,7,
756483,349,261,67,4,7,
756512,310,230,117,4,7,
756546,440,181,163,2,6,
756584,504,298,302,3,6,
756636,289,213,75,4,6,
756686,353,261,69,4,7,
756966,311,231,228,4,7,
757022,253,183,127,3,6,
757136,336,228,90,4,6,
757198,412,272,105,4,6,
757250,412,274,104,4,6,
757265,414,271,104,4,6,
757271,420,271,104,4,6,
757670,458,267,198,4,6,
757908,327,243,131,4,7,
758086,283,205,104,4,7,
758123,305,243,190,4,7,
758233,281,205,85,4,6,
758330,309,171,166,3,6,
758525,285,138,122,4,7,
758529,253,145,171,3,7,
758550,287,138,121,2,7,
758553,432,215,86,4,7,
758556,432,215,86,4,7,
758582,308,209,189,2,6,
758634,306,230,120,4,7,
758652,287,140,118,4,7,
758689,328,241,131,4,7,
758723,332,241,129,4,7,
758729,366,225,188,3,6,
758753,409,308,120,4,6,
758869,245,121,152,2,6,
759026,276,212,93,4,7,
759064,355,263,111,4,6,
759125,266,200,204,4,6,
759126,264,200,209,4,6,
759180,295,175,287,4,6,
759528,311,229,117,4,6,
759568,483,242,121,3,6,
759572,520,267,117,3,6,
759603,479,243,121,3,6,
759640,310,227,117,4,6,
759662,397,289,82,2,6,
759709,349,261,115,4,7,
759782,320,243,193,4,7,
759824,334,250,173,4,6,
759845,312,235,177,4,6,
759901,345,256,114,4,6,
759903,351,261,115,4,6,
759915,333,223,90,4,6,
760023,327,242,131,4,7,
760124,381,282,180,3,6,
760140,438,220,198,4,6,
760191,295,169,282,4,6,
760192,293,168,290,4,6,
760193,500,240,197,3,6,
760194,505,243,201,3,6,
760390,305,233,120,4,6,
760457,384,225,137,3,7,
760561,241,120,84,4,7,
760674,309,227,115,4,7,
760779,348,262,98,3,6,
760782,310,228,115,4,6,
760785,310,229,114,4,6,
760786,308,227,115,4,6,
760788,307,228,113,4,6,
760804,341,229,142,3,6,
760994,306,233,231,4,6,
760995,302,233,237,4,6,
761001,306,232,228,4,6,
761022,302,225,114,4,6,
761023,308,229,225,4,6,
761024,305,230,226,4,6,
761027,307,230,231,4,6,
761039,282,208,84,4,6,
761050,303,229,226,4,6,
761055,416,309,123,4,6,
761057,412,308,120,4,6,
761062,354,262,109,4,6,
761063,412,308,120,4,6,
761064,356,264,114,4,6,
761067,412,307,121,4,6,
761071,281,208,159,4,6,
761073,410,308,121,4,6,
761119,439,324,135,4,6,
761126,307,229,117,4,6,
761137,413,309,120,4,6,
761147,413,308,123,4,6,
761153,405,307,121,4,6,
761154,410,308,121,4,6,
761191,309,229,116,4,6,
761198,282,206,84,4,6,
761202,305,224,157,3,6,
761205,342,229,143,3,6,
761211,310,232,225,4,6,
761221,307,231,228,4,6,
761232,305,229,229,4,6,
761233,304,229,114,4,6,
761234,311,227,232,4,6,
761235,309,229,227,4,6,
761237,279,209,84,4,6,
761240,275,203,84,4,6,
761241,276,202,85,4,6,
761256,327,245,91,4,6,
761259,307,229,114,4,6,
761269,318,232,227,4,6,
761271,310,231,228,4,6,
761275,305,227,115,4,7,
761286,462,301,114,4,7,
761301,385,283,159,3,6,
761332,322,248,120,4,6,
761446,279,204,104,4,7,
761450,334,256,106,3,6,
761451,275,201,83,4,6,
761453,346,261,104,4,6,
761461,430,264,190,2,6,
761650,326,246,91,4,6,
761651,326,247,90,4,6,
761658,278,206,84,4,6,
761661,307,231,228,4,6,
761664,277,207,85,4,6,
761666,307,230,231,4,6,
761671,308,227,227,4,6,
761673,308,230,225,4,6,
761674,309,229,225,4,6,
761679,332,250,101,3,6,
761682,278,208,84,4,6,
761695,304,226,115,4,6,
761701,281,207,167,4,6,
761702,416,312,240,4,6,
761705,313,233,227,4,6,
761751,440,245,158,3,6,
761780,425,314,132,3,6,
761787,258,179,116,4,6,
761788,421,275,70,4,6,
761795,426,283,127,3,6,
761819,307,229,234,4,6,
761880,217,183,172,3,7,
761884,215,183,174,3,7,
761903,280,206,104,4,7,
761948,279,206,103,4,7,
762017,438,219,203,4,6,
762043,424,319,187,4,6,
762068,321,246,146,4,6,
762075,310,230,226,4,6,
762108,306,231,228,4,6,
762117,306,228,113,4,6,
762119,276,206,86,4,6,
762125,274,203,84,4,6,
762127,309,228,117,4,7,
762140,336,251,175,4,6,
762157,411,310,123,4,6,
762265,412,312,161,4,6,
762267,474,246,172,3,6,
762274,324,237,155,4,6,
762350,299,224,146,4,6,
762366,301,232,226,4,6,
762368,411,309,159,4,6,
762386,308,255,208,3,6,
762440,416,308,121,4,6,
762545,304,226,115,4,6,
762546,414,307,103,4,7,
762575,535,224,81,2,6,
762627,462,304,119,4,6,
762651,414,310,120,4,6,
762664,450,345,129,4,6,
762669,416,275,153,4,6,
762670,414,309,120,4,6,
762671,275,189,372,4,6,
762672,461,304,116,4,6,
762673,416,309,120,4,6,
762679,414,308,119,4,6,
762684,419,309,120,4,6,
762685,308,229,113,4,6,
762714,404,314,125,4,6,
762730,349,259,149,4,6,
762731,348,260,148,4,6,
762738,415,277,155,4,6,
762742,460,303,117,4,6,
762747,417,280,157,4,6,
762750,449,341,130,4,6,
762753,464,302,128,4,6,
762764,338,226,175,4,6,
762765,415,275,82,4,6,
762766,416,308,120,4,6,
762768,337,221,174,4,6,
762769,416,275,107,4,6,
762780,303,224,145,4,6,
762781,299,222,147,4,6,
762821,419,308,119,4,6,
762876,351,261,149,4,7,
762924,304,228,126,4,6,
762970,308,231,227,4,6,
762973,309,229,116,4,6,
763098,316,228,225,4,6,
763100,411,315,115,4,6,
763305,277,205,77,4,7,
763370,304,238,447,3,6,
763443,431,213,85,4,7,
763520,425,323,134,3,6,
763533,400,206,178,3,7,
763539,402,208,180,4,7,
763540,399,207,181,4,7,
763541,399,204,179,4,7,
763545,400,204,178,4,7,
763548,306,179,143,3,7,
763550,304,177,145,3,7,
763551,304,177,145,3,7,
763552,301,175,144,3,7,
763553,298,177,143,3,7,
763558,308,178,142,3,7,
763559,296,180,144,3,7,
763560,308,180,141,3,7,
763562,305,180,142,3,7,
763598,379,274,141,3,7,
763599,497,262,148,3,7,
764075,231,133,214,3,6,
764136,479,246,174,3,6,
764190,416,307,159,4,7,
764191,415,305,159,4,7,
764219,252,183,128,2,7,
764227,496,232,268,4,6,
764492,308,256,204,3,6,
764501,447,261,217,3,6,
764541,446,263,216,3,6,
764568,304,206,193,2,6,
764630,351,260,101,3,6,
764643,308,206,190,2,6,
764748,309,225,114,4,6,
764806,457,303,116,4,6,
764815,411,309,120,4,6,
764816,413,308,121,4,6,
764825,309,229,117,4,6,
764827,310,224,118,4,6,
764997,372,219,136,3,7,
765031,372,272,153,4,6,
765033,368,274,153,4,6,
765043,358,233,189,4,6,
765044,357,233,186,4,6,
765046,372,272,153,4,6,
765091,455,251,174,3,6,
765092,461,304,104,4,6,
765093,445,246,176,3,6,
765131,327,242,128,4,7,
765214,420,310,121,4,6,
765259,328,243,132,4,7,
765351,275,203,84,4,6,
765357,274,208,84,4,6,
765369,463,303,105,4,6,
765416,293,191,289,4,6,
765487,348,260,115,4,7,
765563,272,208,91,4,6,
765567,271,206,93,4,6,
765577,481,239,90,2,6,
765667,276,213,89,4,6,
765675,304,228,226,4,6,
765686,306,230,226,4,6,
765705,309,231,226,4,6,
765711,306,228,228,4,6,
765743,277,206,82,4,6,
765790,293,171,283,4,6,
765802,295,172,286,4,6,
765841,348,260,234,4,6,
765844,348,261,108,4,6,
765846,349,262,108,4,6,
765852,351,263,108,4,6,
765858,355,263,241,4,6,
765860,344,262,240,4,6,
765862,351,262,235,4,6,
765930,381,202,143,3,6,
765932,374,200,144,3,6,
765934,382,203,142,3,6,
765941,330,249,105,3,6,
765942,329,247,106,3,6,
765943,333,253,105,3,6,
765944,336,251,108,3,6,
765974,329,251,109,3,6,
765975,324,248,106,3,6,
765976,329,252,108,3,6,
766036,380,201,144,3,6,
766081,352,261,68,4,7,
766131,443,187,163,1,6,
766135,442,187,160,1,6,
766161,353,261,68,4,7,
766166,347,271,68,4,7,
766168,354,262,67,4,7,
766171,345,259,68,4,7,
766174,349,263,130,4,7,
766175,350,260,132,4,7,
766210,393,126,177,3,6,
766237,305,245,249,3,6,
766241,273,203,105,4,7,
766262,351,260,131,4,7,
766270,354,261,68,4,7,
766369,259,240,206,3,6,
766373,433,213,82,4,7,
766377,455,305,121,4,7,
766449,346,260,112,4,7,
766485,504,304,201,4,6,
766526,308,171,165,3,6,
766548,242,151,142,3,7,
766556,245,193,147,3,7,
766640,259,176,118,4,6,
766684,276,228,91,4,7,
767132,292,192,291,3,6,
767133,503,261,193,3,6,
767135,444,265,218,4,6,
767136,448,267,214,4,6,
767137,445,261,222,4,6,
767140,334,264,280,3,6,
767171,304,222,145,4,6,
767207,238,124,83,4,7,
767213,385,226,134,3,7,
767325,413,307,122,4,6,
767327,412,309,125,4,6,
767421,287,214,205,4,8,
767432,349,259,148,4,6,
767505,349,263,116,4,7,
767528,267,179,119,3,6,
767590,307,231,113,4,6,
767641,409,308,123,4,6,
767651,244,134,210,2,6,
767653,244,134,210,2,6,
767670,309,229,115,4,6,
767725,258,175,114,4,6,
767727,308,229,116,4,6,
767728,310,230,116,4,6,
767732,309,228,116,4,6,
767734,310,230,116,4,6,
767735,309,228,115,4,6,
767737,308,228,116,4,6,
767738,281,205,86,4,6,
767741,309,228,117,4,6,
767742,308,228,117,4,6,
767743,283,205,85,4,6,
767744,280,208,86,4,6,
767745,280,209,86,4,6,
767746,310,229,115,4,6,
767883,460,305,116,4,7,
767885,507,304,200,3,6,
767901,431,215,86,4,7,
767962,320,278,293,3,6,
767988,253,183,126,3,7,
768131,308,231,110,4,7,
768132,351,261,150,4,7,
768171,407,133,194,3,6,
768175,303,226,156,3,6,
768200,309,209,193,2,6,
768211,500,303,198,4,6,
768266,251,179,129,3,6,
768352,304,164,148,3,7,
768407,306,228,115,4,7,
768463,274,202,105,4,7,
768543,323,239,129,4,7,
768555,431,215,86,4,7,
768563,303,243,122,3,6,
768617,294,191,289,4,6,
768662,302,243,121,3,6,
768717,311,229,115,4,7,
768879,367,271,74,4,7,
768932,305,253,229,3,6,
768957,304,227,114,4,6,
769014,345,261,237,4,6,
769015,345,262,241,4,6,
769016,345,259,237,4,6,
769017,345,262,240,4,6,
769109,360,266,92,4,6,
769162,349,263,113,4,7,
769175,349,260,114,4,7,
769344,309,228,116,4,6,
769412,413,274,77,4,6,
769429,549,253,276,3,6,
769439,284,210,89,4,7,
769440,292,212,89,4,7,
769520,311,239,231,4,7,
769552,305,234,122,4,6,
769600,372,280,150,4,6,
769669,490,234,273,4,6,
769670,303,239,231,3,6,
769675,477,281,310,4,6,
769678,376,281,150,4,6,
769681,396,236,218,3,6,
769709,416,307,183,4,6,
769721,314,238,130,4,6,
769728,422,196,234,3,6,
769789,417,316,223,3,6,
769790,326,316,266,3,6,
769791,320,255,209,3,6,
769792,313,252,211,3,6,
769803,313,253,207,3,6,
769851,507,299,205,4,6,
769853,294,172,280,4,6,
769856,404,137,191,3,6,
769885,403,135,190,3,6,
769927,253,176,181,3,6,
769955,511,305,202,3,6,
769965,437,326,133,4,6,
769982,322,152,188,3,6,
770026,411,308,126,4,6,
770066,373,275,163,4,6,
770096,294,166,289,4,6,
770103,295,169,290,4,6,
770122,421,195,236,3,6,
770200,350,262,68,3,7,
770210,348,261,133,4,7,
770211,350,264,137,4,7,
770239,255,147,175,3,7,
770374,310,231,112,4,6,
770406,486,485,186,3,6,
770416,318,188,208,2,7,
770564,434,327,133,4,6,
770566,413,308,122,4,6,
770579,407,135,192,3,6,
770593,395,197,132,3,6,
770657,412,312,121,4,6,
770673,304,228,115,4,7,
770675,308,229,116,4,7,
770750,446,245,159,3,6,
770786,314,293,103,4,7,
770787,322,294,100,4,7,
770803,577,255,182,3,6,
770952,328,254,110,3,6,
770971,311,230,116,4,6,
770973,337,177,163,4,6,
771039,311,244,173,3,6,
771073,325,246,148,4,6,
771117,309,230,116,4,6,
771201,312,234,179,3,6,
771202,333,236,176,3,6,
771323,254,183,123,3,7,
771400,251,183,129,2,7,
771405,432,190,159,1,6,
771501,249,189,165,4,6,
771636,535,222,80,2,6,
771692,354,262,114,4,6,
771759,600,301,211,3,6,
771903,352,260,121,4,7,
771942,351,259,114,4,7,
772008,347,260,98,4,6,
772044,410,274,105,4,6,
772126,354,263,110,4,6,
772224,333,241,174,3,6,
772275,324,239,129,4,7,
772281,328,243,131,4,7,
772286,324,239,129,4,7,
772295,347,262,77,4,7,
772297,201,133,194,3,7,
772302,308,209,192,2,6,
772345,233,136,216,2,6,
772413,318,186,212,2,7,
772900,331,251,110,3,6,
773384,326,243,130,4,7,
773479,410,270,69,4,7,
773516,309,164,70,4,7,
773849,401,274,201,4,6,
773863,281,207,105,4,7,
773888,449,261,219,4,6,
773925,362,266,82,3,7,
773942,264,177,104,4,7,
773949,265,181,103,4,7,
773979,333,247,101,4,6,
774093,410,205,111,3,6,
774096,410,203,111,3,6,
774097,404,205,110,3,6,
774142,393,195,133,3,6,
774189,327,251,111,3,6,
774324,394,196,132,3,6,
774557,500,254,220,2,6,
774621,411,272,77,4,6,
774627,306,227,115,4,6,
774635,304,231,114,4,6,
774645,306,229,114,4,6,
774655,413,274,79,4,6,
774671,328,191,201,3,6,
774675,330,288,205,3,6,
774708,415,280,103,4,7,
774713,419,278,103,4,7,
774714,417,279,103,4,7,
774720,417,278,105,4,7,
774727,253,181,121,3,7,
774750,441,240,156,2,6,
774924,304,242,256,4,6,
774963,303,225,115,4,6,
774964,305,228,117,4,6,
775255,315,230,226,4,6,
775554,268,195,163,3,7,
775556,268,196,162,3,7,
775611,414,292,82,1,6,
775646,321,275,293,3,6,
775678,336,250,173,4,6,
775838,253,183,129,3,7,
775859,308,171,177,3,6,
775950,328,242,134,4,8,
776019,304,248,254,4,6,
776317,254,240,206,3,6,
776399,252,183,128,2,7,
776661,459,262,220,3,6,
776717,324,242,130,4,7,
776719,431,216,85,4,7,
776863,251,180,128,3,7,
777058,350,255,170,4,6,
777229,249,123,145,3,6,
777342,450,249,162,3,6,
777407,327,242,131,4,7,
777562,279,151,196,3,6,
777659,306,230,223,4,6,
777662,306,226,116,4,6,
777731,324,241,132,4,7,
777733,328,243,130,4,7,
777735,350,258,115,4,7,
777763,306,253,206,3,6,
777882,345,195,150,3,6,
777883,345,195,153,3,6,
777891,344,191,152,3,6,
778455,351,263,132,4,7,
778653,327,240,127,4,7,
778655,350,261,117,4,6,
778725,436,326,90,4,7,
778742,282,206,106,4,7,
778781,321,241,196,4,7,
778790,479,239,118,3,6,
778821,239,224,91,4,7,
778950,347,261,112,4,7,
779160,399,290,81,2,6,
779171,372,298,113,2,6,
779218,509,306,197,4,6,
779264,250,180,129,3,7,
779322,349,261,115,4,7,
779550,305,228,171,3,6,
779581,349,261,116,4,6,
779650,252,183,125,3,6,
779666,379,255,207,3,6,
779757,297,168,289,3,6,
779840,312,236,178,4,6,
779923,302,243,197,3,6,
780089,309,171,165,3,6,
780106,296,168,283,4,6,
780113,598,345,213,3,6,
780134,598,345,208,3,6,
780136,600,281,206,3,6,
780137,597,249,208,3,6,
780141,595,345,211,3,6,
780144,309,171,165,3,6,
780145,308,170,162,3,6,
780146,308,171,165,3,6,
780148,306,167,165,3,6,
780240,247,149,175,3,7,
780577,402,134,194,3,6,
780662,432,192,157,2,6,
780752,241,190,165,4,6,
780770,370,274,162,4,6,
780785,313,292,103,4,7,
780866,307,234,174,3,6,
780922,449,240,162,3,6,
781020,348,261,99,4,7,
781289,357,261,148,4,7,
781504,456,306,124,4,6,
781549,307,253,205,3,6,
781589,504,240,200,4,6,
781909,351,259,119,4,7,
782051,283,205,104,4,7,
782075,322,248,146,4,6,
782268,474,242,174,3,6,
782357,307,254,205,3,6,
782551,403,204,201,3,6,
782716,406,255,289,3,6,
782723,348,259,90,4,7,
782770,441,262,218,4,6,
782958,306,228,115,4,7,
782997,253,180,125,3,7,
783009,429,214,86,4,7,
783020,336,223,89,4,6,
783026,303,226,114,4,6,
783060,305,253,206,3,6,
783070,306,229,115,4,6,
783096,334,177,175,4,6,
783097,337,176,165,4,6,
783128,442,186,162,2,6,
783144,348,262,113,4,7,
783157,350,263,115,4,7,
783158,349,260,113,4,7,
783159,346,260,116,4,7,
783202,304,227,114,4,7,
783267,398,289,82,1,6,
783268,374,278,150,4,6,
783364,431,189,158,2,6,
783372,325,242,131,4,7,
783421,253,182,127,3,6,
783437,420,190,160,1,6,
783508,413,311,121,4,6,
783535,327,252,109,3,6,
783589,411,311,122,4,6,
783592,411,312,123,4,6,
783765,370,269,163,4,6,
783769,369,273,163,4,6,
783772,275,202,104,4,7,
783798,339,174,165,4,6,
784015,503,240,199,4,6,
784147,349,261,116,4,7,
784160,349,261,110,4,7,
784239,379,200,141,3,6,
784252,276,203,104,4,7,
784268,398,290,84,2,6,
784270,410,308,121,4,6,
784919,345,257,121,4,7,
784991,306,228,115,4,7,
784992,306,226,118,4,7,
785070,433,214,87,4,7,
785085,307,227,114,4,6,
785149,365,264,116,4,7,
785166,313,207,113,4,7,
785224,311,229,116,4,7,
785553,310,228,116,4,6,
785571,362,268,109,4,6,
785593,313,209,94,4,7,
785635,323,249,209,3,6,
785728,593,280,207,3,6,
785841,496,243,202,4,6,
785867,220,134,293,3,6,
785915,379,201,142,2,7,
786238,399,343,299,4,6,
786243,279,206,103,4,7,
786316,349,261,114,4,7,
786337,255,241,207,3,6,
786417,329,240,126,4,7,
786419,432,214,86,4,7,
786423,432,214,87,4,7,
786442,313,208,112,4,7,
786452,325,241,131,4,7,
786456,286,139,121,4,7,
786457,287,138,121,4,7,
786463,279,205,104,4,7,
786653,249,179,128,3,6,
786662,450,257,227,3,6,
786730,355,261,89,4,7,
786735,353,261,89,4,7,
786960,318,295,101,4,7,
787160,279,206,105,4,7,
787172,401,136,192,3,6,
787236,351,261,69,4,7,
787240,282,206,78,4,7,
787267,306,227,116,4,6,
787325,465,305,106,4,6,
787550,353,263,116,4,7,
787557,351,258,69,4,7,
787645,327,243,92,4,6,
787675,279,205,79,4,7,
787729,352,260,87,4,7,
787732,352,260,86,4,7,
787738,354,259,88,4,7,
787754,304,251,203,3,6,
788012,417,309,119,4,6,
788135,330,192,199,3,6,
788268,253,184,128,3,6,
788522,331,191,199,3,6,
788619,351,261,116,4,7,
788688,325,239,130,4,7,
788710,486,333,163,3,6,
788720,353,260,89,4,7,
788876,248,120,150,3,6,
788970,350,260,115,4,7,
789285,369,255,205,3,6,
789416,399,294,114,2,6,
789443,302,252,211,3,6,
789452,275,210,278,4,8,
789620,349,260,92,4,6,
789728,437,181,165,2,6,
789737,407,248,288,3,6,
789777,305,242,233,3,6,
789812,402,251,292,3,6,
789922,297,243,193,3,6,
790044,324,250,210,3,6,
790109,294,167,286,4,6,
790142,596,279,208,3,6,
790145,600,391,211,3,6,
790202,306,230,114,4,6,
790275,351,260,114,4,7,
790426,308,229,115,4,7,
790439,327,207,124,3,3,
790528,306,231,116,4,7,
790769,249,143,193,3,8,
790777,300,242,123,3,6,
790926,309,231,228,4,7,
791122,318,231,178,3,6,
791216,311,228,114,4,6,
791222,314,235,178,3,6,
791324,309,225,111,4,6,
791441,353,259,115,4,7,
791474,394,295,111,2,7,
791553,307,254,205,3,6,
791607,306,225,116,4,7,
791931,275,203,101,4,7,
791932,348,262,116,4,7,
791935,349,259,120,4,7,
791941,353,265,118,4,7,
791944,352,260,120,4,7,
792068,276,203,106,4,7,
792088,276,202,104,4,7,
792125,309,225,116,4,6,
792221,243,151,141,3,7,
792284,248,122,151,3,6,
792385,351,259,86,4,7,
792484,351,261,116,4,7,
792532,405,313,111,4,7,
792545,535,226,81,2,6,
792635,307,231,227,4,6,
792911,352,260,165,4,6,
792933,351,262,115,4,7,
793134,304,255,207,3,6,
793270,407,253,290,3,6,
793401,290,189,282,4,6,
793592,459,396,163,3,6,
794221,401,207,176,3,7,
794348,281,208,105,4,6,
794621,250,136,201,3,6,
794622,251,136,201,3,6,
794798,307,254,208,3,6,
794818,405,131,188,3,6,
794849,366,227,199,3,6,
794864,441,242,152,3,6,
794870,366,231,200,3,6,
794916,380,202,135,2,7,
794918,349,260,116,4,7,
794985,449,268,218,3,6,
795060,309,171,178,3,6,
795073,305,228,116,4,7,
795108,253,183,129,3,6,
795190,443,264,304,3,6,
795273,308,228,226,4,6,
795469,480,331,161,4,6,
795858,257,175,95,4,7,
795875,311,224,85,4,6,
795918,378,200,144,2,7,
796010,380,201,142,3,6,
796213,304,230,226,4,6,
796651,413,272,105,4,7,
796653,328,243,131,4,7,
796664,308,256,205,3,6,
796798,474,246,172,3,6,
796962,317,293,101,4,7,
797502,350,262,115,4,7,
797507,349,261,114,4,7,
797551,572,256,186,3,6,
797724,242,138,150,3,6,
798039,279,211,149,4,7,
798189,272,208,155,4,6,
798375,454,303,119,4,7,
798377,457,303,119,4,7,
798439,280,204,100,4,7,
799483,343,259,114,4,7,
799529,312,230,227,4,6,
799564,413,272,104,4,7,
799644,324,252,104,3,6,
799830,255,245,205,3,6,
799888,253,245,205,3,6,
799901,508,306,198,4,6,
799963,255,245,207,3,6,
